feature_set,model,fold,train_start,train_end,test_start,test_end,n_train,n_test,accuracy,precision,recall,f1,auc,mcc
technical_only,naive_most_frequent,1,2021-10-27,2022-04-12,2022-04-13,2022-05-16,2303,506,0.5770750988142292,0.0,0.0,0.0,0.5,0.0
technical_only,naive_most_frequent,2,2021-10-27,2022-05-16,2022-05-17,2022-06-17,2809,505,0.504950495049505,0.0,0.0,0.0,0.5,0.0
technical_only,naive_most_frequent,3,2021-10-27,2022-06-17,2022-06-21,2022-07-22,3314,464,0.47413793103448276,0.0,0.0,0.0,0.5,0.0
technical_only,naive_most_frequent,4,2021-10-27,2022-07-22,2022-07-25,2022-08-24,3778,456,0.45394736842105265,0.0,0.0,0.0,0.5,0.0
technical_only,naive_most_frequent,5,2021-10-27,2022-08-24,2022-08-25,2022-09-28,4234,486,0.6460905349794238,0.0,0.0,0.0,0.5,0.0
technical_only,logistic_regression,1,2021-10-27,2022-04-12,2022-04-13,2022-05-16,2303,506,0.4723320158102767,0.4158730158730159,0.6121495327102804,0.4952741020793951,0.47548329279221613,-0.01833141706464203
technical_only,logistic_regression,2,2021-10-27,2022-05-16,2022-05-17,2022-06-17,2809,505,0.5207920792079208,0.5150375939849624,0.548,0.5310077519379846,0.5226509803921568,0.04217590658777579
technical_only,logistic_regression,3,2021-10-27,2022-06-17,2022-06-21,2022-07-22,3314,464,0.49353448275862066,0.5171102661596958,0.5573770491803278,0.5364891518737672,0.4585879284649776,-0.02004883289957985
technical_only,logistic_regression,4,2021-10-27,2022-07-22,2022-07-25,2022-08-24,3778,456,0.49122807017543857,0.5391705069124424,0.46987951807228917,0.5021459227467812,0.5013483887239781,-0.013171445773633614
technical_only,logistic_regression,5,2021-10-27,2022-08-24,2022-08-25,2022-09-28,4234,486,0.43209876543209874,0.344311377245509,0.6686046511627907,0.45454545454545453,0.4624685231817509,-0.02975386433413267
technical_only,random_forest,1,2021-10-27,2022-04-12,2022-04-13,2022-05-16,2303,506,0.525691699604743,0.45075757575757575,0.5560747663551402,0.497907949790795,0.49748751760337984,0.058843896998316415
technical_only,random_forest,2,2021-10-27,2022-05-16,2022-05-17,2022-06-17,2809,505,0.5267326732673268,0.5307262569832403,0.38,0.4428904428904429,0.5106352941176471,0.05287547829521634
technical_only,random_forest,3,2021-10-27,2022-06-17,2022-06-21,2022-07-22,3314,464,0.45689655172413796,0.47183098591549294,0.27459016393442626,0.3471502590673575,0.46266766020864386,-0.0718574226972949
technical_only,random_forest,4,2021-10-27,2022-07-22,2022-07-25,2022-08-24,3778,456,0.4583333333333333,0.5049019607843137,0.41365461847389556,0.45474613686534215,0.4550375414702288,-0.07436553877396448
technical_only,random_forest,5,2021-10-27,2022-08-24,2022-08-25,2022-09-28,4234,486,0.5699588477366255,0.4307116104868914,0.6686046511627907,0.5239179954441914,0.6277033032143386,0.17734303935032592
technical_only,xgboost,1,2021-10-27,2022-04-12,2022-04-13,2022-05-16,2303,506,0.5335968379446641,0.4481132075471698,0.4439252336448598,0.4460093896713615,0.4931506849315069,0.04329576688905322
technical_only,xgboost,2,2021-10-27,2022-05-16,2022-05-17,2022-06-17,2809,505,0.5524752475247525,0.5659340659340659,0.412,0.47685185185185186,0.5600313725490196,0.10642345899490892
technical_only,xgboost,3,2021-10-27,2022-06-17,2022-06-21,2022-07-22,3314,464,0.4698275862068966,0.4962121212121212,0.5368852459016393,0.515748031496063,0.43895305514157973,-0.06822171377906999
technical_only,xgboost,4,2021-10-27,2022-07-22,2022-07-25,2022-08-24,3778,456,0.4342105263157895,0.4828897338403042,0.5100401606425703,0.49609375,0.39650388995595914,-0.14809529533457505
technical_only,xgboost,5,2021-10-27,2022-08-24,2022-08-25,2022-09-28,4234,486,0.654320987654321,0.5085470085470085,0.6918604651162791,0.5862068965517241,0.6903977188564657,0.3116232281931487
technical_only,svc_rbf,1,2021-10-27,2022-04-12,2022-04-13,2022-05-16,2303,506,0.48221343873517786,0.41946308724832215,0.5841121495327103,0.48828125,0.4789479580079376,-0.008387497255766018
technical_only,svc_rbf,2,2021-10-27,2022-05-16,2022-05-17,2022-06-17,2809,505,0.5287128712871287,0.5232558139534884,0.54,0.531496062992126,0.5587372549019607,0.05765791309943497
technical_only,svc_rbf,3,2021-10-27,2022-06-17,2022-06-21,2022-07-22,3314,464,0.47629310344827586,0.502283105022831,0.45081967213114754,0.47516198704103674,0.4535488077496274,-0.044645270694389276
technical_only,svc_rbf,4,2021-10-27,2022-07-22,2022-07-25,2022-08-24,3778,456,0.4956140350877193,0.5477386934673367,0.43775100401606426,0.48660714285714285,0.5078284151097142,0.0029799809286044743
technical_only,svc_rbf,5,2021-10-27,2022-08-24,2022-08-25,2022-09-28,4234,486,0.5041152263374485,0.3890675241157556,0.7034883720930233,0.5010351966873706,0.5394756332395201,0.09801516689099622
sentiment_only_vader_textblob,naive_most_frequent,1,2021-10-27,2022-04-12,2022-04-13,2022-05-16,2303,506,0.5770750988142292,0.0,0.0,0.0,0.5,0.0
sentiment_only_vader_textblob,naive_most_frequent,2,2021-10-27,2022-05-16,2022-05-17,2022-06-17,2809,505,0.504950495049505,0.0,0.0,0.0,0.5,0.0
sentiment_only_vader_textblob,naive_most_frequent,3,2021-10-27,2022-06-17,2022-06-21,2022-07-22,3314,464,0.47413793103448276,0.0,0.0,0.0,0.5,0.0
sentiment_only_vader_textblob,naive_most_frequent,4,2021-10-27,2022-07-22,2022-07-25,2022-08-24,3778,456,0.45394736842105265,0.0,0.0,0.0,0.5,0.0
sentiment_only_vader_textblob,naive_most_frequent,5,2021-10-27,2022-08-24,2022-08-25,2022-09-28,4234,486,0.6460905349794238,0.0,0.0,0.0,0.5,0.0
sentiment_only_vader_textblob,logistic_regression,1,2021-10-27,2022-04-12,2022-04-13,2022-05-16,2303,506,0.5098814229249012,0.43359375,0.5186915887850467,0.4723404255319149,0.5221162463192932,0.021853436662393397
sentiment_only_vader_textblob,logistic_regression,2,2021-10-27,2022-05-16,2022-05-17,2022-06-17,2809,505,0.4772277227722772,0.4756944444444444,0.548,0.5092936802973977,0.48720784313725496,-0.04459767248402364
sentiment_only_vader_textblob,logistic_regression,3,2021-10-27,2022-06-17,2022-06-21,2022-07-22,3314,464,0.4676724137931034,0.49416342412451364,0.5204918032786885,0.5069860279441117,0.4812034277198211,-0.0707349110707263
sentiment_only_vader_textblob,logistic_regression,4,2021-10-27,2022-07-22,2022-07-25,2022-08-24,3778,456,0.45394736842105265,0.5,0.3815261044176707,0.4328018223234624,0.4365481248666162,-0.0781754573396291
sentiment_only_vader_textblob,logistic_regression,5,2021-10-27,2022-08-24,2022-08-25,2022-09-28,4234,486,0.4794238683127572,0.3527272727272727,0.563953488372093,0.43400447427293065,0.5151181306473115,-0.002822412357190246
sentiment_only_vader_textblob,random_forest,1,2021-10-27,2022-04-12,2022-04-13,2022-05-16,2303,506,0.5276679841897233,0.45098039215686275,0.5373831775700935,0.4904051172707889,0.561739854051978,0.05724048530129624
sentiment_only_vader_textblob,random_forest,2,2021-10-27,2022-05-16,2022-05-17,2022-06-17,2809,505,0.499009900990099,0.4944237918215613,0.532,0.51252408477842,0.5041333333333333,-0.0013361237681419793
sentiment_only_vader_textblob,random_forest,3,2021-10-27,2022-06-17,2022-06-21,2022-07-22,3314,464,0.5043103448275862,0.5275590551181102,0.5491803278688525,0.5381526104417671,0.514865871833085,0.003737637998980752
sentiment_only_vader_textblob,random_forest,4,2021-10-27,2022-07-22,2022-07-25,2022-08-24,3778,456,0.4934210526315789,0.5584415584415584,0.3453815261044177,0.4267990074441687,0.4885435461653376,0.01776931042551641
sentiment_only_vader_textblob,random_forest,5,2021-10-27,2022-08-24,2022-08-25,2022-09-28,4234,486,0.5555555555555556,0.3791208791208791,0.4011627906976744,0.3898305084745763,0.536540882832173,0.040794661115432396
sentiment_only_vader_textblob,xgboost,1,2021-10-27,2022-04-12,2022-04-13,2022-05-16,2303,506,0.5375494071146245,0.4621212121212121,0.5700934579439252,0.5104602510460251,0.5641883241582384,0.082868920033132
sentiment_only_vader_textblob,xgboost,2,2021-10-27,2022-05-16,2022-05-17,2022-06-17,2809,505,0.49306930693069306,0.48951048951048953,0.56,0.5223880597014925,0.49058039215686267,-0.01266032394956051
sentiment_only_vader_textblob,xgboost,3,2021-10-27,2022-06-17,2022-06-21,2022-07-22,3314,464,0.5064655172413793,0.5308641975308642,0.5286885245901639,0.5297741273100616,0.5137574515648287,0.010504456253541147
sentiment_only_vader_textblob,xgboost,4,2021-10-27,2022-07-22,2022-07-25,2022-08-24,3778,456,0.4758771929824561,0.5294117647058824,0.3614457831325301,0.4295942720763723,0.4773878121180374,-0.02576898939446638
sentiment_only_vader_textblob,xgboost,5,2021-10-27,2022-08-24,2022-08-25,2022-09-28,4234,486,0.49382716049382713,0.3287037037037037,0.4127906976744186,0.36597938144329895,0.5067212264849652,-0.047146779759100074
sentiment_only_vader_textblob,svc_rbf,1,2021-10-27,2022-04-12,2022-04-13,2022-05-16,2303,506,0.5158102766798419,0.4392156862745098,0.5233644859813084,0.47761194029850745,0.5432963128920754,0.03323743096776925
sentiment_only_vader_textblob,svc_rbf,2,2021-10-27,2022-05-16,2022-05-17,2022-06-17,2809,505,0.5168316831683168,0.5102040816326531,0.6,0.5514705882352942,0.5048313725490197,0.03577894501299704
sentiment_only_vader_textblob,svc_rbf,3,2021-10-27,2022-06-17,2022-06-21,2022-07-22,3314,464,0.5,0.5247933884297521,0.5204918032786885,0.522633744855967,0.5186009687034278,-0.002234553835419198
sentiment_only_vader_textblob,svc_rbf,4,2021-10-27,2022-07-22,2022-07-25,2022-08-24,3778,456,0.49780701754385964,0.5561797752808989,0.39759036144578314,0.4637002341920375,0.5129115495799623,0.016276258254032165
sentiment_only_vader_textblob,svc_rbf,5,2021-10-27,2022-08-24,2022-08-25,2022-09-28,4234,486,0.5555555555555556,0.3888888888888889,0.4476744186046512,0.41621621621621624,0.5013053621685677,0.06065355004341629
sentiment_only_finbert,naive_most_frequent,1,2021-10-27,2022-04-12,2022-04-13,2022-05-16,2303,506,0.5770750988142292,0.0,0.0,0.0,0.5,0.0
sentiment_only_finbert,naive_most_frequent,2,2021-10-27,2022-05-16,2022-05-17,2022-06-17,2809,505,0.504950495049505,0.0,0.0,0.0,0.5,0.0
sentiment_only_finbert,naive_most_frequent,3,2021-10-27,2022-06-17,2022-06-21,2022-07-22,3314,464,0.47413793103448276,0.0,0.0,0.0,0.5,0.0
sentiment_only_finbert,naive_most_frequent,4,2021-10-27,2022-07-22,2022-07-25,2022-08-24,3778,456,0.45394736842105265,0.0,0.0,0.0,0.5,0.0
sentiment_only_finbert,naive_most_frequent,5,2021-10-27,2022-08-24,2022-08-25,2022-09-28,4234,486,0.6460905349794238,0.0,0.0,0.0,0.5,0.0
sentiment_only_finbert,logistic_regression,1,2021-10-27,2022-04-12,2022-04-13,2022-05-16,2303,506,0.48023715415019763,0.4128113879003559,0.5420560747663551,0.4686868686868687,0.47581935731660474,-0.022877899857390673
sentiment_only_finbert,logistic_regression,2,2021-10-27,2022-05-16,2022-05-17,2022-06-17,2809,505,0.5089108910891089,0.5035971223021583,0.56,0.5303030303030303,0.5363921568627451,0.018919333158153424
sentiment_only_finbert,logistic_regression,3,2021-10-27,2022-06-17,2022-06-21,2022-07-22,3314,464,0.47844827586206895,0.5036496350364964,0.5655737704918032,0.5328185328185329,0.5030923994038748,-0.053420304217958056
sentiment_only_finbert,logistic_regression,4,2021-10-27,2022-07-22,2022-07-25,2022-08-24,3778,456,0.5307017543859649,0.570281124497992,0.570281124497992,0.570281124497992,0.5461556370409173,0.053372911937605495
sentiment_only_finbert,logistic_regression,5,2021-10-27,2022-08-24,2022-08-25,2022-09-28,4234,486,0.4567901234567901,0.34967320261437906,0.622093023255814,0.4476987447698745,0.47898459487483336,-0.011550865746730195
sentiment_only_finbert,random_forest,1,2021-10-27,2022-04-12,2022-04-13,2022-05-16,2303,506,0.4644268774703557,0.3978494623655914,0.5186915887850467,0.45030425963488846,0.4535350787351171,-0.05627168493856154
sentiment_only_finbert,random_forest,2,2021-10-27,2022-05-16,2022-05-17,2022-06-17,2809,505,0.4534653465346535,0.45390070921985815,0.512,0.48120300751879697,0.45377254901960784,-0.09255087643638292
sentiment_only_finbert,random_forest,3,2021-10-27,2022-06-17,2022-06-21,2022-07-22,3314,464,0.5021551724137931,0.5232974910394266,0.5983606557377049,0.5583173996175909,0.516868479880775,-0.0063073054613636955
sentiment_only_finbert,random_forest,4,2021-10-27,2022-07-22,2022-07-25,2022-08-24,3778,456,0.5175438596491229,0.5591836734693878,0.5502008032128514,0.5546558704453441,0.5357662534194749,0.028419798718357103
sentiment_only_finbert,random_forest,5,2021-10-27,2022-08-24,2022-08-25,2022-09-28,4234,486,0.49588477366255146,0.3472803347280335,0.48255813953488375,0.40389294403892945,0.5137016738260998,-0.013636855875584794
sentiment_only_finbert,xgboost,1,2021-10-27,2022-04-12,2022-04-13,2022-05-16,2303,506,0.4407114624505929,0.37362637362637363,0.4766355140186916,0.4188911704312115,0.45120663167328123,-0.10801635438009885
sentiment_only_finbert,xgboost,2,2021-10-27,2022-05-16,2022-05-17,2022-06-17,2809,505,0.4693069306930693,0.46715328467153283,0.512,0.48854961832061067,0.46434509803921564,-0.06076674010075072
sentiment_only_finbert,xgboost,3,2021-10-27,2022-06-17,2022-06-21,2022-07-22,3314,464,0.5,0.5209790209790209,0.610655737704918,0.5622641509433962,0.5149217585692996,-0.012395833510815914
sentiment_only_finbert,xgboost,4,2021-10-27,2022-07-22,2022-07-25,2022-08-24,3778,456,0.5175438596491229,0.5617021276595745,0.5301204819277109,0.5454545454545454,0.537696680441573,0.032412919331152076
sentiment_only_finbert,xgboost,5,2021-10-27,2022-08-24,2022-08-25,2022-09-28,4234,486,0.5349794238683128,0.3794642857142857,0.4941860465116279,0.4292929292929293,0.5337820322915123,0.049414388269235256
sentiment_only_finbert,svc_rbf,1,2021-10-27,2022-04-12,2022-04-13,2022-05-16,2303,506,0.47035573122529645,0.4171779141104294,0.6355140186915887,0.5037037037037037,0.49235053130201,-0.01565542897926016
sentiment_only_finbert,svc_rbf,2,2021-10-27,2022-05-16,2022-05-17,2022-06-17,2809,505,0.4752475247524752,0.47678018575851394,0.616,0.537521815008726,0.4799686274509804,-0.048678727214862404
sentiment_only_finbert,svc_rbf,3,2021-10-27,2022-06-17,2022-06-21,2022-07-22,3314,464,0.47198275862068967,0.49818181818181817,0.5614754098360656,0.5279383429672447,0.4690201192250373,-0.06686782424971013
sentiment_only_finbert,svc_rbf,4,2021-10-27,2022-07-22,2022-07-25,2022-08-24,3778,456,0.5043859649122807,0.5621621621621622,0.41767068273092367,0.4792626728110599,0.5258425004365288,0.026734009670757525
sentiment_only_finbert,svc_rbf,5,2021-10-27,2022-08-24,2022-08-25,2022-09-28,4234,486,0.5164609053497943,0.3548387096774194,0.4476744186046512,0.39588688946015427,0.5001296104280848,0.0017453841238677832
technical_plus_vader,naive_most_frequent,1,2021-10-27,2022-04-12,2022-04-13,2022-05-16,2303,506,0.5770750988142292,0.0,0.0,0.0,0.5,0.0
technical_plus_vader,naive_most_frequent,2,2021-10-27,2022-05-16,2022-05-17,2022-06-17,2809,505,0.504950495049505,0.0,0.0,0.0,0.5,0.0
technical_plus_vader,naive_most_frequent,3,2021-10-27,2022-06-17,2022-06-21,2022-07-22,3314,464,0.47413793103448276,0.0,0.0,0.0,0.5,0.0
technical_plus_vader,naive_most_frequent,4,2021-10-27,2022-07-22,2022-07-25,2022-08-24,3778,456,0.45394736842105265,0.0,0.0,0.0,0.5,0.0
technical_plus_vader,naive_most_frequent,5,2021-10-27,2022-08-24,2022-08-25,2022-09-28,4234,486,0.6460905349794238,0.0,0.0,0.0,0.5,0.0
technical_plus_vader,logistic_regression,1,2021-10-27,2022-04-12,2022-04-13,2022-05-16,2303,506,0.4901185770750988,0.42810457516339867,0.6121495327102804,0.5038461538461538,0.4963032902317245,0.01296881648475785
technical_plus_vader,logistic_regression,2,2021-10-27,2022-05-16,2022-05-17,2022-06-17,2809,505,0.5386138613861386,0.5335968379446641,0.54,0.536779324055666,0.5342588235294118,0.07725126669259132
technical_plus_vader,logistic_regression,3,2021-10-27,2022-06-17,2022-06-21,2022-07-22,3314,464,0.4956896551724138,0.51953125,0.5450819672131147,0.532,0.48260059612518624,-0.0140656542216419
technical_plus_vader,logistic_regression,4,2021-10-27,2022-07-22,2022-07-25,2022-08-24,3778,456,0.48903508771929827,0.5380952380952381,0.4538152610441767,0.4923747276688453,0.498632209999418,-0.014767022076492373
technical_plus_vader,logistic_regression,5,2021-10-27,2022-08-24,2022-08-25,2022-09-28,4234,486,0.41975308641975306,0.3202614379084967,0.5697674418604651,0.4100418410041841,0.43710191082802546,-0.09174687650259984
technical_plus_vader,random_forest,1,2021-10-27,2022-04-12,2022-04-13,2022-05-16,2303,506,0.5039525691699605,0.4307116104868914,0.5373831775700935,0.4781704781704782,0.47958007937524005,0.016659533888544808
technical_plus_vader,random_forest,2,2021-10-27,2022-05-16,2022-05-17,2022-06-17,2809,505,0.5108910891089109,0.5089820359281437,0.34,0.407673860911271,0.5029490196078432,0.0195875981809843
technical_plus_vader,random_forest,3,2021-10-27,2022-06-17,2022-06-21,2022-07-22,3314,464,0.47413793103448276,0.5,0.28688524590163933,0.3645833333333333,0.4682935916542474,-0.03404603217224131
technical_plus_vader,random_forest,4,2021-10-27,2022-07-22,2022-07-25,2022-08-24,3778,456,0.4692982456140351,0.5167464114832536,0.43373493975903615,0.47161572052401746,0.4589954018974448,-0.05414576197091997
technical_plus_vader,random_forest,5,2021-10-27,2022-08-24,2022-08-25,2022-09-28,4234,486,0.5761316872427984,0.43795620437956206,0.6976744186046512,0.5381165919282511,0.6324248259517108,0.19981838388868917
technical_plus_vader,xgboost,1,2021-10-27,2022-04-12,2022-04-13,2022-05-16,2303,506,0.5375494071146245,0.45098039215686275,0.42990654205607476,0.44019138755980863,0.4846530533862502,0.046674716627849826
technical_plus_vader,xgboost,2,2021-10-27,2022-05-16,2022-05-17,2022-06-17,2809,505,0.5405940594059406,0.5489130434782609,0.404,0.46543778801843316,0.5396705882352941,0.08156475942139835
technical_plus_vader,xgboost,3,2021-10-27,2022-06-17,2022-06-21,2022-07-22,3314,464,0.4418103448275862,0.4701195219123506,0.48360655737704916,0.4767676767676768,0.4406296572280179,-0.12118408696819516
technical_plus_vader,xgboost,4,2021-10-27,2022-07-22,2022-07-25,2022-08-24,3778,456,0.44956140350877194,0.49624060150375937,0.5301204819277109,0.512621359223301,0.3988320431484391,-0.11837997825715264
technical_plus_vader,xgboost,5,2021-10-27,2022-08-24,2022-08-25,2022-09-28,4234,486,0.6584362139917695,0.5131578947368421,0.6802325581395349,0.585,0.6816027255221447,0.3130689170166078
technical_plus_vader,svc_rbf,1,2021-10-27,2022-04-12,2022-04-13,2022-05-16,2303,506,0.47035573122529645,0.40625,0.5467289719626168,0.46613545816733065,0.47769171680962735,-0.0387956891163995
technical_plus_vader,svc_rbf,2,2021-10-27,2022-05-16,2022-05-17,2022-06-17,2809,505,0.5346534653465347,0.5280898876404494,0.564,0.5454545454545454,0.5602509803921569,0.0699944337717224
technical_plus_vader,svc_rbf,3,2021-10-27,2022-06-17,2022-06-21,2022-07-22,3314,464,0.45905172413793105,0.48205128205128206,0.38524590163934425,0.428246013667426,0.4701471684053652,-0.0747022953711241
technical_plus_vader,svc_rbf,4,2021-10-27,2022-07-22,2022-07-25,2022-08-24,3778,456,0.49122807017543857,0.547486033519553,0.39357429718875503,0.45794392523364486,0.5082649438333042,0.002314379721827565
technical_plus_vader,svc_rbf,5,2021-10-27,2022-08-24,2022-08-25,2022-09-28,4234,486,0.4609053497942387,0.3519736842105263,0.622093023255814,0.4495798319327731,0.5193119537846245,-0.005231961021979222
technical_plus_textblob,naive_most_frequent,1,2021-10-27,2022-04-12,2022-04-13,2022-05-16,2303,506,0.5770750988142292,0.0,0.0,0.0,0.5,0.0
technical_plus_textblob,naive_most_frequent,2,2021-10-27,2022-05-16,2022-05-17,2022-06-17,2809,505,0.504950495049505,0.0,0.0,0.0,0.5,0.0
technical_plus_textblob,naive_most_frequent,3,2021-10-27,2022-06-17,2022-06-21,2022-07-22,3314,464,0.47413793103448276,0.0,0.0,0.0,0.5,0.0
technical_plus_textblob,naive_most_frequent,4,2021-10-27,2022-07-22,2022-07-25,2022-08-24,3778,456,0.45394736842105265,0.0,0.0,0.0,0.5,0.0
technical_plus_textblob,naive_most_frequent,5,2021-10-27,2022-08-24,2022-08-25,2022-09-28,4234,486,0.6460905349794238,0.0,0.0,0.0,0.5,0.0
technical_plus_textblob,logistic_regression,1,2021-10-27,2022-04-12,2022-04-13,2022-05-16,2303,506,0.4723320158102767,0.41533546325878595,0.6074766355140186,0.49335863377609107,0.4831327614902061,-0.019563895392209322
technical_plus_textblob,logistic_regression,2,2021-10-27,2022-05-16,2022-05-17,2022-06-17,2809,505,0.5306930693069307,0.5258964143426295,0.528,0.5269461077844312,0.5347294117647059,0.061331409240871854
technical_plus_textblob,logistic_regression,3,2021-10-27,2022-06-17,2022-06-21,2022-07-22,3314,464,0.48060344827586204,0.5057034220532319,0.5450819672131147,0.52465483234714,0.47496274217585693,-0.046179896004650216
technical_plus_textblob,logistic_regression,4,2021-10-27,2022-07-22,2022-07-25,2022-08-24,3778,456,0.48026315789473684,0.5294117647058824,0.43373493975903615,0.4768211920529801,0.49684729255184995,-0.030072584645270906
technical_plus_textblob,logistic_regression,5,2021-10-27,2022-08-24,2022-08-25,2022-09-28,4234,486,0.43209876543209874,0.3385093167701863,0.6337209302325582,0.44129554655870445,0.4627092282624796,-0.04512717375829009
technical_plus_textblob,random_forest,1,2021-10-27,2022-04-12,2022-04-13,2022-05-16,2303,506,0.5197628458498024,0.44569288389513106,0.5560747663551402,0.49480249480249483,0.48854180002560493,0.048711716959281205
technical_plus_textblob,random_forest,2,2021-10-27,2022-05-16,2022-05-17,2022-06-17,2809,505,0.5188118811881188,0.5202312138728323,0.36,0.425531914893617,0.5041882352941176,0.0363572053251599
technical_plus_textblob,random_forest,3,2021-10-27,2022-06-17,2022-06-21,2022-07-22,3314,464,0.48060344827586204,0.5104895104895105,0.29918032786885246,0.3772609819121447,0.48086810730253354,-0.020548181031506692
technical_plus_textblob,random_forest,4,2021-10-27,2022-07-22,2022-07-25,2022-08-24,3778,456,0.48464912280701755,0.5336538461538461,0.4457831325301205,0.48577680525164113,0.4661738742409251,-0.022806832215413967
technical_plus_textblob,random_forest,5,2021-10-27,2022-08-24,2022-08-25,2022-09-28,4234,486,0.5761316872427984,0.43609022556390975,0.6744186046511628,0.5296803652968036,0.6245000740631017,0.18897608861105186
technical_plus_textblob,xgboost,1,2021-10-27,2022-04-12,2022-04-13,2022-05-16,2303,506,0.5395256916996047,0.4517766497461929,0.4158878504672897,0.43309002433090027,0.484204967353732,0.046631374464682504
technical_plus_textblob,xgboost,2,2021-10-27,2022-05-16,2022-05-17,2022-06-17,2809,505,0.5584158415841585,0.5685279187817259,0.448,0.5011185682326622,0.5619921568627451,0.11753543285756225
technical_plus_textblob,xgboost,3,2021-10-27,2022-06-17,2022-06-21,2022-07-22,3314,464,0.4547413793103448,0.48249027237354086,0.5081967213114754,0.49500998003992014,0.4389903129657228,-0.0967833227666128
technical_plus_textblob,xgboost,4,2021-10-27,2022-07-22,2022-07-25,2022-08-24,3778,456,0.4583333333333333,0.5038167938931297,0.5301204819277109,0.5166340508806262,0.40403158527831134,-0.0985850110107284
technical_plus_textblob,xgboost,5,2021-10-27,2022-08-24,2022-08-25,2022-09-28,4234,486,0.6481481481481481,0.5021097046413502,0.6918604651162791,0.5819070904645477,0.6854725225892462,0.30236437947015754
technical_plus_textblob,svc_rbf,1,2021-10-27,2022-04-12,2022-04-13,2022-05-16,2303,506,0.48221343873517786,0.4166666666666667,0.5607476635514018,0.47808764940239046,0.4821565740622199,-0.01456035739677216
technical_plus_textblob,svc_rbf,2,2021-10-27,2022-05-16,2022-05-17,2022-06-17,2809,505,0.5207920792079208,0.5158730158730159,0.52,0.5179282868525896,0.5539686274509804,0.041566671418348626
technical_plus_textblob,svc_rbf,3,2021-10-27,2022-06-17,2022-06-21,2022-07-22,3314,464,0.4849137931034483,0.5125628140703518,0.4180327868852459,0.4604966139954853,0.4755402384500745,-0.023080363163684156
technical_plus_textblob,svc_rbf,4,2021-10-27,2022-07-22,2022-07-25,2022-08-24,3778,456,0.506578947368421,0.5638297872340425,0.42570281124497994,0.4851258581235698,0.5045495993636382,0.029905688068039893
technical_plus_textblob,svc_rbf,5,2021-10-27,2022-08-24,2022-08-25,2022-09-28,4234,486,0.5061728395061729,0.38741721854304634,0.6802325581395349,0.4936708860759494,0.5473078062509258,0.08977328017824632
technical_plus_finbert,naive_most_frequent,1,2021-10-27,2022-04-12,2022-04-13,2022-05-16,2303,506,0.5770750988142292,0.0,0.0,0.0,0.5,0.0
technical_plus_finbert,naive_most_frequent,2,2021-10-27,2022-05-16,2022-05-17,2022-06-17,2809,505,0.504950495049505,0.0,0.0,0.0,0.5,0.0
technical_plus_finbert,naive_most_frequent,3,2021-10-27,2022-06-17,2022-06-21,2022-07-22,3314,464,0.47413793103448276,0.0,0.0,0.0,0.5,0.0
technical_plus_finbert,naive_most_frequent,4,2021-10-27,2022-07-22,2022-07-25,2022-08-24,3778,456,0.45394736842105265,0.0,0.0,0.0,0.5,0.0
technical_plus_finbert,naive_most_frequent,5,2021-10-27,2022-08-24,2022-08-25,2022-09-28,4234,486,0.6460905349794238,0.0,0.0,0.0,0.5,0.0
technical_plus_finbert,logistic_regression,1,2021-10-27,2022-04-12,2022-04-13,2022-05-16,2303,506,0.4624505928853755,0.40705128205128205,0.5934579439252337,0.4828897338403042,0.47602739726027393,-0.040747840008542834
technical_plus_finbert,logistic_regression,2,2021-10-27,2022-05-16,2022-05-17,2022-06-17,2809,505,0.5227722772277228,0.5169811320754717,0.548,0.5320388349514563,0.5325176470588235,0.0460934752403862
technical_plus_finbert,logistic_regression,3,2021-10-27,2022-06-17,2022-06-21,2022-07-22,3314,464,0.4870689655172414,0.5111940298507462,0.5614754098360656,0.53515625,0.4612891207153502,-0.034349715763671046
technical_plus_finbert,logistic_regression,4,2021-10-27,2022-07-22,2022-07-25,2022-08-24,3778,456,0.5,0.5497630331753555,0.46586345381526106,0.5043478260869565,0.5187319325611626,0.006916065536778109
technical_plus_finbert,logistic_regression,5,2021-10-27,2022-08-24,2022-08-25,2022-09-28,4234,486,0.42386831275720166,0.33125,0.6162790697674418,0.43089430894308944,0.43221374611168717,-0.06579271662415358
technical_plus_finbert,random_forest,1,2021-10-27,2022-04-12,2022-04-13,2022-05-16,2303,506,0.4980237154150198,0.42424242424242425,0.5233644859813084,0.4686192468619247,0.470410318781206,0.002785509917080067
technical_plus_finbert,random_forest,2,2021-10-27,2022-05-16,2022-05-17,2022-06-17,2809,505,0.5168316831683168,0.5172413793103449,0.36,0.42452830188679247,0.5013647058823529,0.03218147130869043
technical_plus_finbert,random_forest,3,2021-10-27,2022-06-17,2022-06-21,2022-07-22,3314,464,0.4827586206896552,0.5151515151515151,0.2786885245901639,0.3617021276595745,0.4757451564828614,-0.013525134055317675
technical_plus_finbert,random_forest,4,2021-10-27,2022-07-22,2022-07-25,2022-08-24,3778,456,0.47368421052631576,0.5211267605633803,0.4457831325301205,0.4805194805194805,0.46953029509341715,-0.046872379865711536
technical_plus_finbert,random_forest,5,2021-10-27,2022-08-24,2022-08-25,2022-09-28,4234,486,0.5411522633744856,0.4065934065934066,0.6453488372093024,0.49887640449438203,0.6215005184417124,0.12473174638992564
technical_plus_finbert,xgboost,1,2021-10-27,2022-04-12,2022-04-13,2022-05-16,2303,506,0.541501976284585,0.4563106796116505,0.4392523364485981,0.44761904761904764,0.4871175265651005,0.055999828116526595
technical_plus_finbert,xgboost,2,2021-10-27,2022-05-16,2022-05-17,2022-06-17,2809,505,0.5623762376237624,0.5707317073170731,0.468,0.5142857142857142,0.5601254901960785,0.1251299722821632
technical_plus_finbert,xgboost,3,2021-10-27,2022-06-17,2022-06-21,2022-07-22,3314,464,0.43103448275862066,0.4596774193548387,0.4672131147540984,0.4634146341463415,0.4257824143070045,-0.14202603597145141
technical_plus_finbert,xgboost,4,2021-10-27,2022-07-22,2022-07-25,2022-08-24,3778,456,0.4407894736842105,0.48872180451127817,0.5220883534136547,0.5048543689320388,0.39780377548842716,-0.13624865422049645
technical_plus_finbert,xgboost,5,2021-10-27,2022-08-24,2022-08-25,2022-09-28,4234,486,0.6399176954732511,0.4935064935064935,0.6627906976744186,0.56575682382134,0.6750111094652643,0.27785569033725044
technical_plus_finbert,svc_rbf,1,2021-10-27,2022-04-12,2022-04-13,2022-05-16,2303,506,0.466403162055336,0.40070921985815605,0.5280373831775701,0.45564516129032256,0.46488925873767767,-0.05045594986948981
technical_plus_finbert,svc_rbf,2,2021-10-27,2022-05-16,2022-05-17,2022-06-17,2809,505,0.5168316831683168,0.5119047619047619,0.516,0.5139442231075697,0.5400705882352941,0.033645475544285965
technical_plus_finbert,svc_rbf,3,2021-10-27,2022-06-17,2022-06-21,2022-07-22,3314,464,0.4547413793103448,0.4798206278026906,0.4385245901639344,0.4582441113490364,0.4509966467958271,-0.0886961045450708
technical_plus_finbert,svc_rbf,4,2021-10-27,2022-07-22,2022-07-25,2022-08-24,3778,456,0.48903508771929827,0.54,0.43373493975903615,0.48106904231625836,0.5095163261742622,-0.010745317463414387
technical_plus_finbert,svc_rbf,5,2021-10-27,2022-08-24,2022-08-25,2022-09-28,4234,486,0.46502057613168724,0.36503067484662577,0.6918604651162791,0.4779116465863454,0.5161087246333876,0.03319770529181014
technical_plus_vader_textblob,naive_most_frequent,1,2021-10-27,2022-04-12,2022-04-13,2022-05-16,2303,506,0.5770750988142292,0.0,0.0,0.0,0.5,0.0
technical_plus_vader_textblob,naive_most_frequent,2,2021-10-27,2022-05-16,2022-05-17,2022-06-17,2809,505,0.504950495049505,0.0,0.0,0.0,0.5,0.0
technical_plus_vader_textblob,naive_most_frequent,3,2021-10-27,2022-06-17,2022-06-21,2022-07-22,3314,464,0.47413793103448276,0.0,0.0,0.0,0.5,0.0
technical_plus_vader_textblob,naive_most_frequent,4,2021-10-27,2022-07-22,2022-07-25,2022-08-24,3778,456,0.45394736842105265,0.0,0.0,0.0,0.5,0.0
technical_plus_vader_textblob,naive_most_frequent,5,2021-10-27,2022-08-24,2022-08-25,2022-09-28,4234,486,0.6460905349794238,0.0,0.0,0.0,0.5,0.0
technical_plus_vader_textblob,logistic_regression,1,2021-10-27,2022-04-12,2022-04-13,2022-05-16,2303,506,0.4881422924901186,0.4262295081967213,0.6074766355140186,0.5009633911368016,0.5045768787607221,0.008239937456996096
technical_plus_vader_textblob,logistic_regression,2,2021-10-27,2022-05-16,2022-05-17,2022-06-17,2809,505,0.5405940594059406,0.5362903225806451,0.532,0.5341365461847389,0.5390274509803921,0.0810285055793387
technical_plus_vader_textblob,logistic_regression,3,2021-10-27,2022-06-17,2022-06-21,2022-07-22,3314,464,0.5,0.5225563909774437,0.569672131147541,0.5450980392156862,0.4736959761549926,-0.007673270283345293
technical_plus_vader_textblob,logistic_regression,4,2021-10-27,2022-07-22,2022-07-25,2022-08-24,3778,456,0.48464912280701755,0.5339805825242718,0.44176706827309237,0.4835164835164835,0.4836156219079215,-0.02201023065589525
technical_plus_vader_textblob,logistic_regression,5,2021-10-27,2022-08-24,2022-08-25,2022-09-28,4234,486,0.42386831275720166,0.3269230769230769,0.5930232558139535,0.4214876033057851,0.4382313731299067,-0.07557091078632541
technical_plus_vader_textblob,random_forest,1,2021-10-27,2022-04-12,2022-04-13,2022-05-16,2303,506,0.5118577075098815,0.4377358490566038,0.5420560747663551,0.48434237995824636,0.47209064140314944,0.03143760648980081
technical_plus_vader_textblob,random_forest,2,2021-10-27,2022-05-16,2022-05-17,2022-06-17,2809,505,0.5287128712871287,0.5348837209302325,0.368,0.43601895734597157,0.5045803921568628,0.057259778544896216
technical_plus_vader_textblob,random_forest,3,2021-10-27,2022-06-17,2022-06-21,2022-07-22,3314,464,0.4892241379310345,0.5225806451612903,0.3319672131147541,0.40601503759398494,0.47606184798807744,-0.004654367384488516
technical_plus_vader_textblob,random_forest,4,2021-10-27,2022-07-22,2022-07-25,2022-08-24,3778,456,0.47368421052631576,0.5213270142180095,0.44176706827309237,0.4782608695652174,0.4701123333915372,-0.046087730845924706
technical_plus_vader_textblob,random_forest,5,2021-10-27,2022-08-24,2022-08-25,2022-09-28,4234,486,0.5452674897119342,0.4128113879003559,0.6744186046511628,0.5121412803532008,0.6270367352984744,0.1442158267358308
technical_plus_vader_textblob,xgboost,1,2021-10-27,2022-04-12,2022-04-13,2022-05-16,2303,506,0.5533596837944664,0.47058823529411764,0.4485981308411215,0.45933014354066987,0.48201254640891045,0.07929544399482774
technical_plus_vader_textblob,xgboost,2,2021-10-27,2022-05-16,2022-05-17,2022-06-17,2809,505,0.5425742574257426,0.5472636815920398,0.44,0.4878048780487805,0.5526274509803921,0.08491823414469095
technical_plus_vader_textblob,xgboost,3,2021-10-27,2022-06-17,2022-06-21,2022-07-22,3314,464,0.45689655172413796,0.484,0.4959016393442623,0.4898785425101215,0.438822652757079,-0.09061404829357883
technical_plus_vader_textblob,xgboost,4,2021-10-27,2022-07-22,2022-07-25,2022-08-24,3778,456,0.4605263157894737,0.5055762081784386,0.5461847389558233,0.525096525096525,0.40828046485458747,-0.09750737462940903
technical_plus_vader_textblob,xgboost,5,2021-10-27,2022-08-24,2022-08-25,2022-09-28,4234,486,0.6440329218106996,0.49777777777777776,0.6511627906976745,0.5642317380352645,0.6742519626721968,0.27934659209165513
technical_plus_vader_textblob,svc_rbf,1,2021-10-27,2022-04-12,2022-04-13,2022-05-16,2303,506,0.4743083003952569,0.40714285714285714,0.5327102803738317,0.46153846153846156,0.48316476763538596,-0.035558239565610626
technical_plus_vader_textblob,svc_rbf,2,2021-10-27,2022-05-16,2022-05-17,2022-06-17,2809,505,0.5247524752475248,0.5204918032786885,0.508,0.5141700404858299,0.5584313725490196,0.049201946426545275
technical_plus_vader_textblob,svc_rbf,3,2021-10-27,2022-06-17,2022-06-21,2022-07-22,3314,464,0.46551724137931033,0.49047619047619045,0.42213114754098363,0.45374449339207046,0.46147540983606555,-0.06443687910242817
technical_plus_vader_textblob,svc_rbf,4,2021-10-27,2022-07-22,2022-07-25,2022-08-24,3778,456,0.4934210526315789,0.5523255813953488,0.3815261044176707,0.4513064133016627,0.5118735812816483,0.00980520917694152
technical_plus_vader_textblob,svc_rbf,5,2021-10-27,2022-08-24,2022-08-25,2022-09-28,4234,486,0.4773662551440329,0.3595890410958904,0.6104651162790697,0.4525862068965517,0.5254869648940897,0.014571816835712851
full_all_features,naive_most_frequent,1,2021-10-27,2022-04-12,2022-04-13,2022-05-16,2303,506,0.5770750988142292,0.0,0.0,0.0,0.5,0.0
full_all_features,naive_most_frequent,2,2021-10-27,2022-05-16,2022-05-17,2022-06-17,2809,505,0.504950495049505,0.0,0.0,0.0,0.5,0.0
full_all_features,naive_most_frequent,3,2021-10-27,2022-06-17,2022-06-21,2022-07-22,3314,464,0.47413793103448276,0.0,0.0,0.0,0.5,0.0
full_all_features,naive_most_frequent,4,2021-10-27,2022-07-22,2022-07-25,2022-08-24,3778,456,0.45394736842105265,0.0,0.0,0.0,0.5,0.0
full_all_features,naive_most_frequent,5,2021-10-27,2022-08-24,2022-08-25,2022-09-28,4234,486,0.6460905349794238,0.0,0.0,0.0,0.5,0.0
full_all_features,logistic_regression,1,2021-10-27,2022-04-12,2022-04-13,2022-05-16,2303,506,0.48616600790513836,0.4253246753246753,0.6121495327102804,0.5019157088122606,0.4976795544744591,0.006058503127568796
full_all_features,logistic_regression,2,2021-10-27,2022-05-16,2022-05-17,2022-06-17,2809,505,0.5504950495049505,0.545816733067729,0.548,0.5469061876247505,0.5387607843137255,0.10093800983759856
full_all_features,logistic_regression,3,2021-10-27,2022-06-17,2022-06-21,2022-07-22,3314,464,0.4849137931034483,0.5097276264591439,0.5368852459016393,0.5229540918163673,0.47159090909090917,-0.03600369547621095
full_all_features,logistic_regression,4,2021-10-27,2022-07-22,2022-07-25,2022-08-24,3778,456,0.4934210526315789,0.5436893203883495,0.4497991967871486,0.49230769230769234,0.49611004404089787,-0.004308881133693779
full_all_features,logistic_regression,5,2021-10-27,2022-08-24,2022-08-25,2022-09-28,4234,486,0.41358024691358025,0.31353135313531355,0.5523255813953488,0.4,0.4278069915568064,-0.10865482039693562
full_all_features,random_forest,1,2021-10-27,2022-04-12,2022-04-13,2022-05-16,2303,506,0.5059288537549407,0.4312977099236641,0.5280373831775701,0.47478991596638653,0.481116374343874,0.017562207639888246
full_all_features,random_forest,2,2021-10-27,2022-05-16,2022-05-17,2022-06-17,2809,505,0.504950495049505,0.5,0.344,0.4075829383886256,0.5072313725490196,0.007116099645752998
full_all_features,random_forest,3,2021-10-27,2022-06-17,2022-06-21,2022-07-22,3314,464,0.4698275862068966,0.49324324324324326,0.29918032786885246,0.37244897959183676,0.4727645305514159,-0.04470615975866435
full_all_features,random_forest,4,2021-10-27,2022-07-22,2022-07-25,2022-08-24,3778,456,0.4780701754385965,0.5260663507109005,0.4457831325301205,0.4826086956521739,0.4686572376462371,-0.0372537647821409
full_all_features,random_forest,5,2021-10-27,2022-08-24,2022-08-25,2022-09-28,4234,486,0.5555555555555556,0.4197080291970803,0.6686046511627907,0.515695067264574,0.6271478299511184,0.1564339420686825
full_all_features,xgboost,1,2021-10-27,2022-04-12,2022-04-13,2022-05-16,2303,506,0.5573122529644269,0.4752475247524752,0.4485981308411215,0.46153846153846156,0.4903821533734477,0.08633375085302779
full_all_features,xgboost,2,2021-10-27,2022-05-16,2022-05-17,2022-06-17,2809,505,0.5603960396039604,0.5686274509803921,0.464,0.5110132158590308,0.5719215686274509,0.1211520534552805
full_all_features,xgboost,3,2021-10-27,2022-06-17,2022-06-21,2022-07-22,3314,464,0.4482758620689655,0.47560975609756095,0.47950819672131145,0.4775510204081633,0.4435171385991058,-0.10690723288991236
full_all_features,xgboost,4,2021-10-27,2022-07-22,2022-07-25,2022-08-24,3778,456,0.45394736842105265,0.5,0.5341365461847389,0.516504854368932,0.40573889761946336,-0.10944564027548075
full_all_features,xgboost,5,2021-10-27,2022-08-24,2022-08-25,2022-09-28,4234,486,0.6748971193415638,0.5315315315315315,0.686046511627907,0.5989847715736041,0.6856021330173308,0.34062668190736
full_all_features,svc_rbf,1,2021-10-27,2022-04-12,2022-04-13,2022-05-16,2303,506,0.4505928853754941,0.38235294117647056,0.48598130841121495,0.4279835390946502,0.4678978363845858,-0.08854309865747338
full_all_features,svc_rbf,2,2021-10-27,2022-05-16,2022-05-17,2022-06-17,2809,505,0.5306930693069307,0.5276595744680851,0.496,0.511340206185567,0.5353882352941177,0.06084922584024135
full_all_features,svc_rbf,3,2021-10-27,2022-06-17,2022-06-21,2022-07-22,3314,464,0.4849137931034483,0.5121951219512195,0.430327868852459,0.46770601336302897,0.45539307004470936,-0.024350634731478003
full_all_features,svc_rbf,4,2021-10-27,2022-07-22,2022-07-25,2022-08-24,3778,456,0.4956140350877193,0.553072625698324,0.39759036144578314,0.46261682242990654,0.5197796014977785,0.011334526329976021
full_all_features,svc_rbf,5,2021-10-27,2022-08-24,2022-08-25,2022-09-28,4234,486,0.46502057613168724,0.35526315789473684,0.627906976744186,0.453781512605042,0.5136924159383796,0.0036587140013840712
